{"0": {"temp": -2.8799999999999955, "pressure": 1025.0, "description": "Clear", "humidity": 81.0}, "1": {"temp": -2.8799999999999955, "pressure": 1025.0, "description": "Clear", "humidity": 81.0}, "2": {"temp": -2.8799999999999955, "pressure": 1025.0, "description": "Clear", "humidity": 81.0}, "3": {"temp": -3.7509999999999764, "pressure": 1026.0, "description": "Clear", "humidity": 75.0}, "4": {"temp": -3.7509999999999764, "pressure": 1026.0, "description": "Clear", "humidity": 75.0}, "5": {"temp": -3.7509999999999764, "pressure": 1026.0, "description": "Clear", "humidity": 75.0}, "6": {"temp": 4.709000000000003, "pressure": 1027.0, "description": "Clear", "humidity": 81.0}, "7": {"temp": 4.709000000000003, "pressure": 1027.0, "description": "Clear", "humidity": 81.0}, "8": {"temp": 4.709000000000003, "pressure": 1027.0, "description": "Clear", "humidity": 81.0}, "9": {"temp": 8.151999999999987, "pressure": 1026.0, "description": "Clear", "humidity": 78.0}, "10": {"temp": 8.151999999999987, "pressure": 1026.0, "description": "Clear", "humidity": 78.0}, "11": {"temp": 8.151999999999987, "pressure": 1026.0, "description": "Clear", "humidity": 78.0}, "12": {"temp": 9.600000000000023, "pressure": 1025.0, "description": "Clear", "humidity": 75.0}, "13": {"temp": 9.600000000000023, "pressure": 1025.0, "description": "Clear", "humidity": 75.0}, "14": {"temp": 9.600000000000023, "pressure": 1025.0, "description": "Clear", "humidity": 75.0}, "15": {"temp": 9.045999999999992, "pressure": 1024.0, "description": "Clear", "humidity": 65.0}, "16": {"temp": 9.045999999999992, "pressure": 1024.0, "description": "Clear", "humidity": 65.0}, "17": {"temp": 9.045999999999992, "pressure": 1024.0, "description": "Clear", "humidity": 65.0}, "18": {"temp": 2.9250000000000114, "pressure": 1023.0, "description": "Clear", "humidity": 72.0}, "19": {"temp": 2.9250000000000114, "pressure": 1023.0, "description": "Clear", "humidity": 72.0}, "20": {"temp": 2.9250000000000114, "pressure": 1023.0, "description": "Clear", "humidity": 72.0}, "21": {"temp": 0.37999999999999545, "pressure": 1022.0, "description": "Clear", "humidity": 82.0}, "22": {"temp": 0.37999999999999545, "pressure": 1022.0, "description": "Clear", "humidity": 82.0}, "23": {"temp": 0.37999999999999545, "pressure": 1022.0, "description": "Clear", "humidity": 82.0}}